{
  "project_info": {
    "project_number": "980505494801",
    "firebase_url": "https://testapp-a820b-default-rtdb.firebaseio.com",
    "project_id": "testapp-a820b",
    "storage_bucket": "testapp-a820b.appspot.com"
  },
  "client": [
    {
      "client_info": {
        "mobilesdk_app_id": "1:980505494801:android:514ead88b52d21f07578b0",
        "android_client_info": {
          "package_name": "com.example.testapp"
        }
      },
      "oauth_client": [
        {
          "client_id": "980505494801-ktjavcm3mjspggogcts6cfk25ftqkflt.apps.googleusercontent.com",
          "client_type": 3
        }
      ],
      "api_key": [
        {
          "current_key": "AIzaSyA-ONieI2cNmtfY67SNiyw-ZA6Txtgsw48"
        }
      ],
      "services": {
        "appinvite_service": {
          "other_platform_oauth_client": [
            {
              "client_id": "980505494801-ktjavcm3mjspggogcts6cfk25ftqkflt.apps.googleusercontent.com",
              "client_type": 3
            }
          ]
        }
      }
    }
  ],
  "configuration_version": "1"
}