{
  "project_info": {
    "project_number": "195168749273",
    "project_id": "doorlockmain-6bbbd",
    "storage_bucket": "doorlockmain-6bbbd.appspot.com"
  },
  "client": [
    {
      "client_info": {
        "mobilesdk_app_id": "1:195168749273:android:4a680901b7623fbddde0c8",
        "android_client_info": {
          "package_name": "com.example.doorlockmain"
        }
      },
      "oauth_client": [
        {
          "client_id": "195168749273-65068icqn7k4cc3c9rqo9o0lkcdvojop.apps.googleusercontent.com",
          "client_type": 3
        }
      ],
      "api_key": [
        {
          "current_key": "AIzaSyDIbe3gBeqZsonrx7Wz9VqWa38kX025Pug"
        }
      ],
      "services": {
        "appinvite_service": {
          "other_platform_oauth_client": [
            {
              "client_id": "195168749273-65068icqn7k4cc3c9rqo9o0lkcdvojop.apps.googleusercontent.com",
              "client_type": 3
            }
          ]
        }
      }
    }
  ],
  "configuration_version": "1"
}